{
  "authors": "RoboTutor",
  "copyright": "",
  "data": [
    {
      "image": "668_txt.png",
      "text": [
        [
          {
            "narration": [
              {
                "audio": "600.mp3",
                "from": -1,
                "segmentation": [
                  {
                    "end": -1,
                    "start": -1,
                    "word": "mia"
                  },
                  {
                    "end": -1,
                    "start": -1,
                    "word": "sita"
                  }
                ],
                "until": -1,
                "utterances": "mia sita"
              },
              {
                "audio": "na.mp3",
                "from": -1,
                "segmentation": [
                  {
                    "end": -1,
                    "start": -1,
                    "word": "na"
                  }
                ],
                "until": -1,
                "utterances": "na"
              },
              {
                "audio": "68.mp3",
                "from": -1,
                "segmentation": [
                  {
                    "end": -1,
                    "start": -1,
                    "word": "nane"
                  }
                ],
                "until": -1,
                "utterances": "sitini na nane"
              }
            ],
            "sentence": "Mia Sita na Sitini na Nane"
          }
        ]
      ]
    },
    {
      "image": "669_txt.png",
      "text": [
        [
          {
            "narration": [
              {
                "audio": "600.mp3",
                "from": -1,
                "segmentation": [
                  {
                    "end": -1,
                    "start": -1,
                    "word": "mia"
                  },
                  {
                    "end": -1,
                    "start": -1,
                    "word": "sita"
                  }
                ],
                "until": -1,
                "utterances": "mia sita"
              },
              {
                "audio": "na.mp3",
                "from": -1,
                "segmentation": [
                  {
                    "end": -1,
                    "start": -1,
                    "word": "na"
                  }
                ],
                "until": -1,
                "utterances": "na"
              },
              {
                "audio": "69.mp3",
                "from": -1,
                "segmentation": [
                  {
                    "end": -1,
                    "start": -1,
                    "word": "tisa"
                  }
                ],
                "until": -1,
                "utterances": "sitini na tisa"
              }
            ],
            "sentence": "Mia Sita na Sitini na Tisa"
          }
        ]
      ]
    },
    {
      "image": "670_txt.png",
      "text": [
        [
          {
            "narration": [
              {
                "audio": "600.mp3",
                "from": -1,
                "segmentation": [
                  {
                    "end": -1,
                    "start": -1,
                    "word": "mia"
                  },
                  {
                    "end": -1,
                    "start": -1,
                    "word": "sita"
                  }
                ],
                "until": -1,
                "utterances": "mia sita"
              },
              {
                "audio": "na.mp3",
                "from": -1,
                "segmentation": [
                  {
                    "end": -1,
                    "start": -1,
                    "word": "na"
                  }
                ],
                "until": -1,
                "utterances": "na"
              },
              {
                "audio": "70.mp3",
                "from": -1,
                "segmentation": [
                  {
                    "end": -1,
                    "start": -1,
                    "word": "sabini"
                  }
                ],
                "until": -1,
                "utterances": "sabini"
              }
            ],
            "sentence": "Mia Sita na Sabini"
          }
        ]
      ]
    },
    {
      "image": "671_txt.png",
      "text": [
        [
          {
            "narration": [
              {
                "audio": "600.mp3",
                "from": -1,
                "segmentation": [
                  {
                    "end": -1,
                    "start": -1,
                    "word": "mia"
                  },
                  {
                    "end": -1,
                    "start": -1,
                    "word": "sita"
                  }
                ],
                "until": -1,
                "utterances": "mia sita"
              },
              {
                "audio": "na.mp3",
                "from": -1,
                "segmentation": [
                  {
                    "end": -1,
                    "start": -1,
                    "word": "na"
                  }
                ],
                "until": -1,
                "utterances": "na"
              },
              {
                "audio": "71.mp3",
                "from": -1,
                "segmentation": [
                  {
                    "end": -1,
                    "start": -1,
                    "word": "moja"
                  }
                ],
                "until": -1,
                "utterances": "sabini na moja"
              }
            ],
            "sentence": "Mia Sita na Sabini na Moja"
          }
        ]
      ]
    },
    {
      "image": "672_txt.png",
      "text": [
        [
          {
            "narration": [
              {
                "audio": "600.mp3",
                "from": -1,
                "segmentation": [
                  {
                    "end": -1,
                    "start": -1,
                    "word": "mia"
                  },
                  {
                    "end": -1,
                    "start": -1,
                    "word": "sita"
                  }
                ],
                "until": -1,
                "utterances": "mia sita"
              },
              {
                "audio": "na.mp3",
                "from": -1,
                "segmentation": [
                  {
                    "end": -1,
                    "start": -1,
                    "word": "na"
                  }
                ],
                "until": -1,
                "utterances": "na"
              },
              {
                "audio": "72.mp3",
                "from": -1,
                "segmentation": [
                  {
                    "end": -1,
                    "start": -1,
                    "word": "mbili"
                  }
                ],
                "until": -1,
                "utterances": "sabini na mbili"
              }
            ],
            "sentence": "Mia Sita na Sabini na Mbili"
          }
        ]
      ]
    },
    {
      "image": "673_txt.png",
      "text": [
        [
          {
            "narration": [
              {
                "audio": "600.mp3",
                "from": -1,
                "segmentation": [
                  {
                    "end": -1,
                    "start": -1,
                    "word": "mia"
                  },
                  {
                    "end": -1,
                    "start": -1,
                    "word": "sita"
                  }
                ],
                "until": -1,
                "utterances": "mia sita"
              },
              {
                "audio": "na.mp3",
                "from": -1,
                "segmentation": [
                  {
                    "end": -1,
                    "start": -1,
                    "word": "na"
                  }
                ],
                "until": -1,
                "utterances": "na"
              },
              {
                "audio": "73.mp3",
                "from": -1,
                "segmentation": [
                  {
                    "end": -1,
                    "start": -1,
                    "word": "tatu"
                  }
                ],
                "until": -1,
                "utterances": "sabini na tatu"
              }
            ],
            "sentence": "Mia Sita na Sabini na Tatu"
          }
        ]
      ]
    },
    {
      "image": "674_txt.png",
      "text": [
        [
          {
            "narration": [
              {
                "audio": "600.mp3",
                "from": -1,
                "segmentation": [
                  {
                    "end": -1,
                    "start": -1,
                    "word": "mia"
                  },
                  {
                    "end": -1,
                    "start": -1,
                    "word": "sita"
                  }
                ],
                "until": -1,
                "utterances": "mia sita"
              },
              {
                "audio": "na.mp3",
                "from": -1,
                "segmentation": [
                  {
                    "end": -1,
                    "start": -1,
                    "word": "na"
                  }
                ],
                "until": -1,
                "utterances": "na"
              },
              {
                "audio": "74.mp3",
                "from": -1,
                "segmentation": [
                  {
                    "end": -1,
                    "start": -1,
                    "word": "nne"
                  }
                ],
                "until": -1,
                "utterances": "sabini na nne"
              }
            ],
            "sentence": "Mia Sita na Sabini na Nne"
          }
        ]
      ]
    },
    {
      "image": "675_txt.png",
      "text": [
        [
          {
            "narration": [
              {
                "audio": "600.mp3",
                "from": -1,
                "segmentation": [
                  {
                    "end": -1,
                    "start": -1,
                    "word": "mia"
                  },
                  {
                    "end": -1,
                    "start": -1,
                    "word": "sita"
                  }
                ],
                "until": -1,
                "utterances": "mia sita"
              },
              {
                "audio": "na.mp3",
                "from": -1,
                "segmentation": [
                  {
                    "end": -1,
                    "start": -1,
                    "word": "na"
                  }
                ],
                "until": -1,
                "utterances": "na"
              },
              {
                "audio": "75.mp3",
                "from": -1,
                "segmentation": [
                  {
                    "end": -1,
                    "start": -1,
                    "word": "tano"
                  }
                ],
                "until": -1,
                "utterances": "sabini na tano"
              }
            ],
            "sentence": "Mia Sita na Sabini na Tano"
          }
        ]
      ]
    },
    {
      "image": "676_txt.png",
      "text": [
        [
          {
            "narration": [
              {
                "audio": "600.mp3",
                "from": -1,
                "segmentation": [
                  {
                    "end": -1,
                    "start": -1,
                    "word": "mia"
                  },
                  {
                    "end": -1,
                    "start": -1,
                    "word": "sita"
                  }
                ],
                "until": -1,
                "utterances": "mia sita"
              },
              {
                "audio": "na.mp3",
                "from": -1,
                "segmentation": [
                  {
                    "end": -1,
                    "start": -1,
                    "word": "na"
                  }
                ],
                "until": -1,
                "utterances": "na"
              },
              {
                "audio": "76.mp3",
                "from": -1,
                "segmentation": [
                  {
                    "end": -1,
                    "start": -1,
                    "word": "sita"
                  }
                ],
                "until": -1,
                "utterances": "sabini na sita"
              }
            ],
            "sentence": "Mia Sita na Sabini na Sita"
          }
        ]
      ]
    },
    {
      "image": "677_txt.png",
      "text": [
        [
          {
            "narration": [
              {
                "audio": "600.mp3",
                "from": -1,
                "segmentation": [
                  {
                    "end": -1,
                    "start": -1,
                    "word": "mia"
                  },
                  {
                    "end": -1,
                    "start": -1,
                    "word": "sita"
                  }
                ],
                "until": -1,
                "utterances": "mia sita"
              },
              {
                "audio": "na.mp3",
                "from": -1,
                "segmentation": [
                  {
                    "end": -1,
                    "start": -1,
                    "word": "na"
                  }
                ],
                "until": -1,
                "utterances": "na"
              },
              {
                "audio": "77.mp3",
                "from": -1,
                "segmentation": [
                  {
                    "end": -1,
                    "start": -1,
                    "word": "saba"
                  }
                ],
                "until": -1,
                "utterances": "sabini na saba"
              }
            ],
            "sentence": "Mia Sita na Sabini na Saba"
          }
        ]
      ]
    }
  ],
  "illustrators": "",
  "language": "Kiswahili",
  "level": "",
  "license": "",
  "status": "",
  "title": "numstory.100..1000.TD_OFF1_INC_RAND.level48"
}