{
  "authors": "RoboTutor",
  "copyright": "",
  "data": [
    {
      "image": "201_txt.png",
      "text": [
        [
          {
            "narration": [
              {
                "audio": "200.mp3",
                "from": -1,
                "segmentation": [
                  {
                    "end": -1,
                    "start": -1,
                    "word": "mia"
                  },
                  {
                    "end": -1,
                    "start": -1,
                    "word": "mbili"
                  }
                ],
                "until": -1,
                "utterances": "mia mbili"
              },
              {
                "audio": "na.mp3",
                "from": -1,
                "segmentation": [
                  {
                    "end": -1,
                    "start": -1,
                    "word": "na"
                  }
                ],
                "until": -1,
                "utterances": "na"
              },
              {
                "audio": "1.mp3",
                "from": -1,
                "segmentation": [
                  {
                    "end": -1,
                    "start": -1,
                    "word": "moja"
                  }
                ],
                "until": -1,
                "utterances": "moja"
              }
            ],
            "sentence": "Mia Mbili na Moja"
          }
        ]
      ]
    },
    {
      "image": "191_txt.png",
      "text": [
        [
          {
            "narration": [
              {
                "audio": "100.mp3",
                "from": -1,
                "segmentation": [
                  {
                    "end": -1,
                    "start": -1,
                    "word": "mia"
                  },
                  {
                    "end": -1,
                    "start": -1,
                    "word": "moja"
                  }
                ],
                "until": -1,
                "utterances": "mia moja"
              },
              {
                "audio": "na.mp3",
                "from": -1,
                "segmentation": [
                  {
                    "end": -1,
                    "start": -1,
                    "word": "na"
                  }
                ],
                "until": -1,
                "utterances": "na"
              },
              {
                "audio": "91.mp3",
                "from": -1,
                "segmentation": [
                  {
                    "end": -1,
                    "start": -1,
                    "word": "moja"
                  }
                ],
                "until": -1,
                "utterances": "tisini na moja"
              }
            ],
            "sentence": "Mia Moja na Tisini na Moja"
          }
        ]
      ]
    },
    {
      "image": "181_txt.png",
      "text": [
        [
          {
            "narration": [
              {
                "audio": "100.mp3",
                "from": -1,
                "segmentation": [
                  {
                    "end": -1,
                    "start": -1,
                    "word": "mia"
                  },
                  {
                    "end": -1,
                    "start": -1,
                    "word": "moja"
                  }
                ],
                "until": -1,
                "utterances": "mia moja"
              },
              {
                "audio": "na.mp3",
                "from": -1,
                "segmentation": [
                  {
                    "end": -1,
                    "start": -1,
                    "word": "na"
                  }
                ],
                "until": -1,
                "utterances": "na"
              },
              {
                "audio": "81.mp3",
                "from": -1,
                "segmentation": [
                  {
                    "end": -1,
                    "start": -1,
                    "word": "moja"
                  }
                ],
                "until": -1,
                "utterances": "themanini na moja"
              }
            ],
            "sentence": "Mia Moja na Themanini na Moja"
          }
        ]
      ]
    },
    {
      "image": "171_txt.png",
      "text": [
        [
          {
            "narration": [
              {
                "audio": "100.mp3",
                "from": -1,
                "segmentation": [
                  {
                    "end": -1,
                    "start": -1,
                    "word": "mia"
                  },
                  {
                    "end": -1,
                    "start": -1,
                    "word": "moja"
                  }
                ],
                "until": -1,
                "utterances": "mia moja"
              },
              {
                "audio": "na.mp3",
                "from": -1,
                "segmentation": [
                  {
                    "end": -1,
                    "start": -1,
                    "word": "na"
                  }
                ],
                "until": -1,
                "utterances": "na"
              },
              {
                "audio": "71.mp3",
                "from": -1,
                "segmentation": [
                  {
                    "end": -1,
                    "start": -1,
                    "word": "moja"
                  }
                ],
                "until": -1,
                "utterances": "sabini na moja"
              }
            ],
            "sentence": "Mia Moja na Sabini na Moja"
          }
        ]
      ]
    },
    {
      "image": "161_txt.png",
      "text": [
        [
          {
            "narration": [
              {
                "audio": "100.mp3",
                "from": -1,
                "segmentation": [
                  {
                    "end": -1,
                    "start": -1,
                    "word": "mia"
                  },
                  {
                    "end": -1,
                    "start": -1,
                    "word": "moja"
                  }
                ],
                "until": -1,
                "utterances": "mia moja"
              },
              {
                "audio": "na.mp3",
                "from": -1,
                "segmentation": [
                  {
                    "end": -1,
                    "start": -1,
                    "word": "na"
                  }
                ],
                "until": -1,
                "utterances": "na"
              },
              {
                "audio": "61.mp3",
                "from": -1,
                "segmentation": [
                  {
                    "end": -1,
                    "start": -1,
                    "word": "moja"
                  }
                ],
                "until": -1,
                "utterances": "sitini na moja"
              }
            ],
            "sentence": "Mia Moja na Sitini na Moja"
          }
        ]
      ]
    },
    {
      "image": "151_txt.png",
      "text": [
        [
          {
            "narration": [
              {
                "audio": "100.mp3",
                "from": -1,
                "segmentation": [
                  {
                    "end": -1,
                    "start": -1,
                    "word": "mia"
                  },
                  {
                    "end": -1,
                    "start": -1,
                    "word": "moja"
                  }
                ],
                "until": -1,
                "utterances": "mia moja"
              },
              {
                "audio": "na.mp3",
                "from": -1,
                "segmentation": [
                  {
                    "end": -1,
                    "start": -1,
                    "word": "na"
                  }
                ],
                "until": -1,
                "utterances": "na"
              },
              {
                "audio": "51.mp3",
                "from": -1,
                "segmentation": [
                  {
                    "end": -1,
                    "start": -1,
                    "word": "moja"
                  }
                ],
                "until": -1,
                "utterances": "hamsini na moja"
              }
            ],
            "sentence": "Mia Moja na Hamsini na Moja"
          }
        ]
      ]
    },
    {
      "image": "141_txt.png",
      "text": [
        [
          {
            "narration": [
              {
                "audio": "100.mp3",
                "from": -1,
                "segmentation": [
                  {
                    "end": -1,
                    "start": -1,
                    "word": "mia"
                  },
                  {
                    "end": -1,
                    "start": -1,
                    "word": "moja"
                  }
                ],
                "until": -1,
                "utterances": "mia moja"
              },
              {
                "audio": "na.mp3",
                "from": -1,
                "segmentation": [
                  {
                    "end": -1,
                    "start": -1,
                    "word": "na"
                  }
                ],
                "until": -1,
                "utterances": "na"
              },
              {
                "audio": "41.mp3",
                "from": -1,
                "segmentation": [
                  {
                    "end": -1,
                    "start": -1,
                    "word": "moja"
                  }
                ],
                "until": -1,
                "utterances": "arobaini na moja"
              }
            ],
            "sentence": "Mia Moja na Arobaini na Moja"
          }
        ]
      ]
    },
    {
      "image": "131_txt.png",
      "text": [
        [
          {
            "narration": [
              {
                "audio": "100.mp3",
                "from": -1,
                "segmentation": [
                  {
                    "end": -1,
                    "start": -1,
                    "word": "mia"
                  },
                  {
                    "end": -1,
                    "start": -1,
                    "word": "moja"
                  }
                ],
                "until": -1,
                "utterances": "mia moja"
              },
              {
                "audio": "na.mp3",
                "from": -1,
                "segmentation": [
                  {
                    "end": -1,
                    "start": -1,
                    "word": "na"
                  }
                ],
                "until": -1,
                "utterances": "na"
              },
              {
                "audio": "31.mp3",
                "from": -1,
                "segmentation": [
                  {
                    "end": -1,
                    "start": -1,
                    "word": "moja"
                  }
                ],
                "until": -1,
                "utterances": "thelathini na moja"
              }
            ],
            "sentence": "Mia Moja na Thelathini na Moja"
          }
        ]
      ]
    },
    {
      "image": "121_txt.png",
      "text": [
        [
          {
            "narration": [
              {
                "audio": "100.mp3",
                "from": -1,
                "segmentation": [
                  {
                    "end": -1,
                    "start": -1,
                    "word": "mia"
                  },
                  {
                    "end": -1,
                    "start": -1,
                    "word": "moja"
                  }
                ],
                "until": -1,
                "utterances": "mia moja"
              },
              {
                "audio": "na.mp3",
                "from": -1,
                "segmentation": [
                  {
                    "end": -1,
                    "start": -1,
                    "word": "na"
                  }
                ],
                "until": -1,
                "utterances": "na"
              },
              {
                "audio": "21.mp3",
                "from": -1,
                "segmentation": [
                  {
                    "end": -1,
                    "start": -1,
                    "word": "moja"
                  }
                ],
                "until": -1,
                "utterances": "ishirini na moja"
              }
            ],
            "sentence": "Mia Moja na Ishirini na Moja"
          }
        ]
      ]
    },
    {
      "image": "111_txt.png",
      "text": [
        [
          {
            "narration": [
              {
                "audio": "100.mp3",
                "from": -1,
                "segmentation": [
                  {
                    "end": -1,
                    "start": -1,
                    "word": "mia"
                  },
                  {
                    "end": -1,
                    "start": -1,
                    "word": "moja"
                  }
                ],
                "until": -1,
                "utterances": "mia moja"
              },
              {
                "audio": "na.mp3",
                "from": -1,
                "segmentation": [
                  {
                    "end": -1,
                    "start": -1,
                    "word": "na"
                  }
                ],
                "until": -1,
                "utterances": "na"
              },
              {
                "audio": "11.mp3",
                "from": -1,
                "segmentation": [
                  {
                    "end": -1,
                    "start": -1,
                    "word": "moja"
                  }
                ],
                "until": -1,
                "utterances": "kumi na moja"
              }
            ],
            "sentence": "Mia Moja na Kumi na Moja"
          }
        ]
      ]
    }
  ],
  "illustrators": "",
  "language": "Kiswahili",
  "level": "",
  "license": "",
  "status": "",
  "title": "numstory.100..900.TD_OFF10_DES.level41"
}