{
  "authors": "RoboTutor",
  "copyright": "",
  "data": [
    {
      "image": "344_txt.png",
      "text": [
        [
          {
            "narration": [
              {
                "audio": "300.mp3",
                "from": -1,
                "segmentation": [
                  {
                    "end": -1,
                    "start": -1,
                    "word": "mia"
                  },
                  {
                    "end": -1,
                    "start": -1,
                    "word": "tatu"
                  }
                ],
                "until": -1,
                "utterances": "mia tatu"
              },
              {
                "audio": "na.mp3",
                "from": -1,
                "segmentation": [
                  {
                    "end": -1,
                    "start": -1,
                    "word": "na"
                  }
                ],
                "until": -1,
                "utterances": "na"
              },
              {
                "audio": "44.mp3",
                "from": -1,
                "segmentation": [
                  {
                    "end": -1,
                    "start": -1,
                    "word": "nne"
                  }
                ],
                "until": -1,
                "utterances": "arobaini na nne"
              }
            ],
            "sentence": "Mia Tatu na Arobaini na Nne"
          }
        ]
      ]
    },
    {
      "image": "343_txt.png",
      "text": [
        [
          {
            "narration": [
              {
                "audio": "300.mp3",
                "from": -1,
                "segmentation": [
                  {
                    "end": -1,
                    "start": -1,
                    "word": "mia"
                  },
                  {
                    "end": -1,
                    "start": -1,
                    "word": "tatu"
                  }
                ],
                "until": -1,
                "utterances": "mia tatu"
              },
              {
                "audio": "na.mp3",
                "from": -1,
                "segmentation": [
                  {
                    "end": -1,
                    "start": -1,
                    "word": "na"
                  }
                ],
                "until": -1,
                "utterances": "na"
              },
              {
                "audio": "43.mp3",
                "from": -1,
                "segmentation": [
                  {
                    "end": -1,
                    "start": -1,
                    "word": "tatu"
                  }
                ],
                "until": -1,
                "utterances": "arobaini na tatu"
              }
            ],
            "sentence": "Mia Tatu na Arobaini na Tatu"
          }
        ]
      ]
    },
    {
      "image": "342_txt.png",
      "text": [
        [
          {
            "narration": [
              {
                "audio": "300.mp3",
                "from": -1,
                "segmentation": [
                  {
                    "end": -1,
                    "start": -1,
                    "word": "mia"
                  },
                  {
                    "end": -1,
                    "start": -1,
                    "word": "tatu"
                  }
                ],
                "until": -1,
                "utterances": "mia tatu"
              },
              {
                "audio": "na.mp3",
                "from": -1,
                "segmentation": [
                  {
                    "end": -1,
                    "start": -1,
                    "word": "na"
                  }
                ],
                "until": -1,
                "utterances": "na"
              },
              {
                "audio": "42.mp3",
                "from": -1,
                "segmentation": [
                  {
                    "end": -1,
                    "start": -1,
                    "word": "mbili"
                  }
                ],
                "until": -1,
                "utterances": "arobaini na mbili"
              }
            ],
            "sentence": "Mia Tatu na Arobaini na Mbili"
          }
        ]
      ]
    },
    {
      "image": "341_txt.png",
      "text": [
        [
          {
            "narration": [
              {
                "audio": "300.mp3",
                "from": -1,
                "segmentation": [
                  {
                    "end": -1,
                    "start": -1,
                    "word": "mia"
                  },
                  {
                    "end": -1,
                    "start": -1,
                    "word": "tatu"
                  }
                ],
                "until": -1,
                "utterances": "mia tatu"
              },
              {
                "audio": "na.mp3",
                "from": -1,
                "segmentation": [
                  {
                    "end": -1,
                    "start": -1,
                    "word": "na"
                  }
                ],
                "until": -1,
                "utterances": "na"
              },
              {
                "audio": "41.mp3",
                "from": -1,
                "segmentation": [
                  {
                    "end": -1,
                    "start": -1,
                    "word": "moja"
                  }
                ],
                "until": -1,
                "utterances": "arobaini na moja"
              }
            ],
            "sentence": "Mia Tatu na Arobaini na Moja"
          }
        ]
      ]
    },
    {
      "image": "340_txt.png",
      "text": [
        [
          {
            "narration": [
              {
                "audio": "300.mp3",
                "from": -1,
                "segmentation": [
                  {
                    "end": -1,
                    "start": -1,
                    "word": "mia"
                  },
                  {
                    "end": -1,
                    "start": -1,
                    "word": "tatu"
                  }
                ],
                "until": -1,
                "utterances": "mia tatu"
              },
              {
                "audio": "na.mp3",
                "from": -1,
                "segmentation": [
                  {
                    "end": -1,
                    "start": -1,
                    "word": "na"
                  }
                ],
                "until": -1,
                "utterances": "na"
              },
              {
                "audio": "40.mp3",
                "from": -1,
                "segmentation": [
                  {
                    "end": -1,
                    "start": -1,
                    "word": "arobaini"
                  }
                ],
                "until": -1,
                "utterances": "arobaini"
              }
            ],
            "sentence": "Mia Tatu na Arobaini"
          }
        ]
      ]
    },
    {
      "image": "339_txt.png",
      "text": [
        [
          {
            "narration": [
              {
                "audio": "300.mp3",
                "from": -1,
                "segmentation": [
                  {
                    "end": -1,
                    "start": -1,
                    "word": "mia"
                  },
                  {
                    "end": -1,
                    "start": -1,
                    "word": "tatu"
                  }
                ],
                "until": -1,
                "utterances": "mia tatu"
              },
              {
                "audio": "na.mp3",
                "from": -1,
                "segmentation": [
                  {
                    "end": -1,
                    "start": -1,
                    "word": "na"
                  }
                ],
                "until": -1,
                "utterances": "na"
              },
              {
                "audio": "39.mp3",
                "from": -1,
                "segmentation": [
                  {
                    "end": -1,
                    "start": -1,
                    "word": "tisa"
                  }
                ],
                "until": -1,
                "utterances": "thelathini na tisa"
              }
            ],
            "sentence": "Mia Tatu na Thelathini na Tisa"
          }
        ]
      ]
    },
    {
      "image": "338_txt.png",
      "text": [
        [
          {
            "narration": [
              {
                "audio": "300.mp3",
                "from": -1,
                "segmentation": [
                  {
                    "end": -1,
                    "start": -1,
                    "word": "mia"
                  },
                  {
                    "end": -1,
                    "start": -1,
                    "word": "tatu"
                  }
                ],
                "until": -1,
                "utterances": "mia tatu"
              },
              {
                "audio": "na.mp3",
                "from": -1,
                "segmentation": [
                  {
                    "end": -1,
                    "start": -1,
                    "word": "na"
                  }
                ],
                "until": -1,
                "utterances": "na"
              },
              {
                "audio": "38.mp3",
                "from": -1,
                "segmentation": [
                  {
                    "end": -1,
                    "start": -1,
                    "word": "nane"
                  }
                ],
                "until": -1,
                "utterances": "thelathini na nane"
              }
            ],
            "sentence": "Mia Tatu na Thelathini na Nane"
          }
        ]
      ]
    },
    {
      "image": "337_txt.png",
      "text": [
        [
          {
            "narration": [
              {
                "audio": "300.mp3",
                "from": -1,
                "segmentation": [
                  {
                    "end": -1,
                    "start": -1,
                    "word": "mia"
                  },
                  {
                    "end": -1,
                    "start": -1,
                    "word": "tatu"
                  }
                ],
                "until": -1,
                "utterances": "mia tatu"
              },
              {
                "audio": "na.mp3",
                "from": -1,
                "segmentation": [
                  {
                    "end": -1,
                    "start": -1,
                    "word": "na"
                  }
                ],
                "until": -1,
                "utterances": "na"
              },
              {
                "audio": "37.mp3",
                "from": -1,
                "segmentation": [
                  {
                    "end": -1,
                    "start": -1,
                    "word": "saba"
                  }
                ],
                "until": -1,
                "utterances": "thelathini na saba"
              }
            ],
            "sentence": "Mia Tatu na Thelathini na Saba"
          }
        ]
      ]
    },
    {
      "image": "336_txt.png",
      "text": [
        [
          {
            "narration": [
              {
                "audio": "300.mp3",
                "from": -1,
                "segmentation": [
                  {
                    "end": -1,
                    "start": -1,
                    "word": "mia"
                  },
                  {
                    "end": -1,
                    "start": -1,
                    "word": "tatu"
                  }
                ],
                "until": -1,
                "utterances": "mia tatu"
              },
              {
                "audio": "na.mp3",
                "from": -1,
                "segmentation": [
                  {
                    "end": -1,
                    "start": -1,
                    "word": "na"
                  }
                ],
                "until": -1,
                "utterances": "na"
              },
              {
                "audio": "36.mp3",
                "from": -1,
                "segmentation": [
                  {
                    "end": -1,
                    "start": -1,
                    "word": "sita"
                  }
                ],
                "until": -1,
                "utterances": "thelathini na sita"
              }
            ],
            "sentence": "Mia Tatu na Thelathini na Sita"
          }
        ]
      ]
    },
    {
      "image": "335_txt.png",
      "text": [
        [
          {
            "narration": [
              {
                "audio": "300.mp3",
                "from": -1,
                "segmentation": [
                  {
                    "end": -1,
                    "start": -1,
                    "word": "mia"
                  },
                  {
                    "end": -1,
                    "start": -1,
                    "word": "tatu"
                  }
                ],
                "until": -1,
                "utterances": "mia tatu"
              },
              {
                "audio": "na.mp3",
                "from": -1,
                "segmentation": [
                  {
                    "end": -1,
                    "start": -1,
                    "word": "na"
                  }
                ],
                "until": -1,
                "utterances": "na"
              },
              {
                "audio": "35.mp3",
                "from": -1,
                "segmentation": [
                  {
                    "end": -1,
                    "start": -1,
                    "word": "tano"
                  }
                ],
                "until": -1,
                "utterances": "thelathini na tano"
              }
            ],
            "sentence": "Mia Tatu na Thelathini na Tano"
          }
        ]
      ]
    }
  ],
  "illustrators": "",
  "language": "Kiswahili",
  "level": "",
  "license": "",
  "status": "",
  "title": "numstory.100..1000.TD_OFF1_DES_RAND.level49"
}