{
  "authors": "RoboTutor",
  "copyright": "",
  "data": [
    {
      "image": "6_txt.png",
      "text": [
        [
          {
            "narration": [
              {
                "audio": "6.mp3",
                "from": -1,
                "segmentation": [
                  {
                    "end": -1,
                    "start": -1,
                    "word": "sita"
                  }
                ],
                "until": -1,
                "utterances": "sita"
              }
            ],
            "sentence": "Sita"
          }
        ]
      ]
    },
    {
      "image": "10_txt.png",
      "text": [
        [
          {
            "narration": [
              {
                "audio": "10.mp3",
                "from": -1,
                "segmentation": [
                  {
                    "end": -1,
                    "start": -1,
                    "word": "kumi"
                  }
                ],
                "until": -1,
                "utterances": "kumi"
              }
            ],
            "sentence": "Kumi"
          }
        ]
      ]
    },
    {
      "image": "5_txt.png",
      "text": [
        [
          {
            "narration": [
              {
                "audio": "5.mp3",
                "from": -1,
                "segmentation": [
                  {
                    "end": -1,
                    "start": -1,
                    "word": "tano"
                  }
                ],
                "until": -1,
                "utterances": "tano"
              }
            ],
            "sentence": "Tano"
          }
        ]
      ]
    },
    {
      "image": "8_txt.png",
      "text": [
        [
          {
            "narration": [
              {
                "audio": "8.mp3",
                "from": -1,
                "segmentation": [
                  {
                    "end": -1,
                    "start": -1,
                    "word": "nane"
                  }
                ],
                "until": -1,
                "utterances": "nane"
              }
            ],
            "sentence": "Nane"
          }
        ]
      ]
    },
    {
      "image": "1_txt.png",
      "text": [
        [
          {
            "narration": [
              {
                "audio": "1.mp3",
                "from": -1,
                "segmentation": [
                  {
                    "end": -1,
                    "start": -1,
                    "word": "moja"
                  }
                ],
                "until": -1,
                "utterances": "moja"
              }
            ],
            "sentence": "Moja"
          }
        ]
      ]
    },
    {
      "image": "3_txt.png",
      "text": [
        [
          {
            "narration": [
              {
                "audio": "3.mp3",
                "from": -1,
                "segmentation": [
                  {
                    "end": -1,
                    "start": -1,
                    "word": "tatu"
                  }
                ],
                "until": -1,
                "utterances": "tatu"
              }
            ],
            "sentence": "Tatu"
          }
        ]
      ]
    },
    {
      "image": "2_txt.png",
      "text": [
        [
          {
            "narration": [
              {
                "audio": "2.mp3",
                "from": -1,
                "segmentation": [
                  {
                    "end": -1,
                    "start": -1,
                    "word": "mbili"
                  }
                ],
                "until": -1,
                "utterances": "mbili"
              }
            ],
            "sentence": "Mbili"
          }
        ]
      ]
    },
    {
      "image": "4_txt.png",
      "text": [
        [
          {
            "narration": [
              {
                "audio": "4.mp3",
                "from": -1,
                "segmentation": [
                  {
                    "end": -1,
                    "start": -1,
                    "word": "nne"
                  }
                ],
                "until": -1,
                "utterances": "nne"
              }
            ],
            "sentence": "Nne"
          }
        ]
      ]
    },
    {
      "image": "9_txt.png",
      "text": [
        [
          {
            "narration": [
              {
                "audio": "9.mp3",
                "from": -1,
                "segmentation": [
                  {
                    "end": -1,
                    "start": -1,
                    "word": "tisa"
                  }
                ],
                "until": -1,
                "utterances": "tisa"
              }
            ],
            "sentence": "Tisa"
          }
        ]
      ]
    },
    {
      "image": "7_txt.png",
      "text": [
        [
          {
            "narration": [
              {
                "audio": "7.mp3",
                "from": -1,
                "segmentation": [
                  {
                    "end": -1,
                    "start": -1,
                    "word": "saba"
                  }
                ],
                "until": -1,
                "utterances": "saba"
              }
            ],
            "sentence": "Saba"
          }
        ]
      ]
    },
    {
      "image": "0_txt.png",
      "text": [
        [
          {
            "narration": [
              {
                "audio": "0.mp3",
                "from": -1,
                "segmentation": [
                  {
                    "end": -1,
                    "start": -1,
                    "word": "sifuri"
                  }
                ],
                "until": -1,
                "utterances": "sifuri"
              }
            ],
            "sentence": "Sifuri"
          }
        ]
      ]
    }
  ],
  "illustrators": "",
  "language": "Kiswahili",
  "level": "",
  "license": "",
  "status": "",
  "title": "numstory.0..10.SD_OFF1_RAND.level19"
}